Designator,Val,Package,Mid X,Mid Y,Rotation,Layer
C1,22pF,C_0805_2012Metric,212.75,-180,0,bottom
C2,22pF,C_0805_2012Metric,212.75,-182.25,180,bottom
C3,1uF,C_0805_2012Metric,201.75,-171.75,180,bottom
C4,0.1uF,C_0805_2012Metric,209.75,-176.25,-90,bottom
C5,0.1uF,C_0805_2012Metric,197.25,-182.25,180,bottom
C6,0.1uF,C_0805_2012Metric,206.75,-184,0,bottom
C7,10uF,C_0805_2012Metric,186.25,-172,-90,bottom
D1,SOD-123,D_SOD-123-CenterREF__,73.75,-108.5,-90,bottom
D2,SOD-123,D_SOD-123-CenterREF__,76.25,-108.5,-90,bottom
D3,SOD-123,D_SOD-123-CenterREF__,94,-108.5,-90,bottom
D4,SOD-123,D_SOD-123-CenterREF__,112,-108.5,-90,bottom
D5,SOD-123,D_SOD-123-CenterREF__,130,-108.5,-90,bottom
D6,SOD-123,D_SOD-123-CenterREF__,148,-108.5,-90,bottom
D7,SOD-123,D_SOD-123-CenterREF__,166,-108.5,-90,bottom
D8,SOD-123,D_SOD-123-CenterREF__,184,-108.5,-90,bottom
D9,SOD-123,D_SOD-123-CenterREF__,202,-108.5,-90,bottom
D10,SOD-123,D_SOD-123-CenterREF__,220,-108.5,-90,bottom
D11,SOD-123,D_SOD-123-CenterREF__,238,-108.5,-90,bottom
D12,SOD-123,D_SOD-123-CenterREF__,256,-108.5,-90,bottom
D13,SOD-123,D_SOD-123-CenterREF__,274,-108.5,-90,bottom
D14,SOD-123,D_SOD-123-CenterREF__,292,-108.5,-90,bottom
D15,SOD-123,D_SOD-123-CenterREF__,310,-108.5,-90,bottom
D16,SOD-123,D_SOD-123-CenterREF__,78.5,-125.5,-90,bottom
D17,SOD-123,D_SOD-123-CenterREF__,85,-125.5,-90,bottom
D18,SOD-123,D_SOD-123-CenterREF__,103,-125.5,-90,bottom
D19,SOD-123,D_SOD-123-CenterREF__,121,-125.5,-90,bottom
D20,SOD-123,D_SOD-123-CenterREF__,139,-125.5,-90,bottom
D21,SOD-123,D_SOD-123-CenterREF__,157,-125.5,-90,bottom
D22,SOD-123,D_SOD-123-CenterREF__,175,-125.5,-90,bottom
D23,SOD-123,D_SOD-123-CenterREF__,193,-125.5,-90,bottom
D24,SOD-123,D_SOD-123-CenterREF__,211,-125.5,-90,bottom
D25,SOD-123,D_SOD-123-CenterREF__,229,-125.5,-90,bottom
D26,SOD-123,D_SOD-123-CenterREF__,247,-125.5,-90,bottom
D27,SOD-123,D_SOD-123-CenterREF__,265,-125.5,-90,bottom
D28,SOD-123,D_SOD-123-CenterREF__,283,-125.5,-90,bottom
D29,SOD-123,D_SOD-123-CenterREF__,305.5,-125.5,-90,bottom
D30,SOD-123,D_SOD-123-CenterREF__,80.75,-142.5,-90,bottom
D31,SOD-123,D_SOD-123-CenterREF__,89.5,-142.5,-90,bottom
D32,SOD-123,D_SOD-123-CenterREF__,107.5,-142.5,-90,bottom
D33,SOD-123,D_SOD-123-CenterREF__,125.5,-142.5,-90,bottom
D34,SOD-123,D_SOD-123-CenterREF__,143.5,-142.5,-90,bottom
D35,SOD-123,D_SOD-123-CenterREF__,161.5,-142.5,-90,bottom
D36,SOD-123,D_SOD-123-CenterREF__,179.5,-142.5,-90,bottom
D37,SOD-123,D_SOD-123-CenterREF__,197.5,-142.5,-90,bottom
D38,SOD-123,D_SOD-123-CenterREF__,215.5,-142.5,-90,bottom
D39,SOD-123,D_SOD-123-CenterREF__,233.5,-142.5,-90,bottom
D40,SOD-123,D_SOD-123-CenterREF__,251.5,-142.5,-90,bottom
D41,SOD-123,D_SOD-123-CenterREF__,269.5,-142.5,-90,bottom
D42,SOD-123,D_SOD-123-CenterREF__,285.5,-142.5,-90,bottom
D43,SOD-123,D_SOD-123-CenterREF__,96,-159.5,-90,bottom
D44,SOD-123,D_SOD-123-CenterREF__,98.5,-159.5,-90,bottom
D45,SOD-123,D_SOD-123-CenterREF__,116.5,-159.5,-90,bottom
D46,SOD-123,D_SOD-123-CenterREF__,134.5,-159.5,-90,bottom
D47,SOD-123,D_SOD-123-CenterREF__,152.5,-159.5,-90,bottom
D48,SOD-123,D_SOD-123-CenterREF__,170.5,-159.5,-90,bottom
D49,SOD-123,D_SOD-123-CenterREF__,188.5,-159.5,-90,bottom
D50,SOD-123,D_SOD-123-CenterREF__,206.5,-159.5,-90,bottom
D51,SOD-123,D_SOD-123-CenterREF__,224.5,-159.5,-90,bottom
D52,SOD-123,D_SOD-123-CenterREF__,242.5,-159.5,-90,bottom
D53,SOD-123,D_SOD-123-CenterREF__,260.5,-159.5,-90,bottom
D54,SOD-123,D_SOD-123-CenterREF__,285.25,-159.5,-90,bottom
D55,SOD-123,D_SOD-123-CenterREF__,310,-159.5,-90,bottom
D56,SOD-123,D_SOD-123-CenterREF__,97.5,-171.5,-90,bottom
D57,SOD-123,D_SOD-123-CenterREF__,106,-171.5,-90,bottom
D58,SOD-123,D_SOD-123-CenterREF__,173.5,-171.5,-90,bottom
D59,SOD-123,D_SOD-123-CenterREF__,241,-171.5,-90,bottom
D60,SOD-123,D_SOD-123-CenterREF__,263.5,-171.5,-90,bottom
F1,500mA,Fuse_1206_3216Metric,273.75,-152,180,bottom
J1,Conn_01x04,Molex_Pico-EZmate_78171-0004_1x04-1MP_P1.20mm_Vertical,284.5,-150.5,-90,bottom
Q1,SI2302,SOT-23,224.75,-181.5,0,bottom
R1,470,R_0805_2012Metric-CenterREF__,71.5,-107,90,bottom
R2,470,R_0805_2012Metric-CenterREF__,78.5,-107,90,bottom
R3,470,R_0805_2012Metric-CenterREF__,96.5,-107,90,bottom
R4,470,R_0805_2012Metric-CenterREF__,114.5,-107,90,bottom
R5,470,R_0805_2012Metric-CenterREF__,132.5,-107,90,bottom
R6,470,R_0805_2012Metric-CenterREF__,150.5,-107,90,bottom
R7,470,R_0805_2012Metric-CenterREF__,168.5,-107,90,bottom
R8,470,R_0805_2012Metric-CenterREF__,186.5,-107,90,bottom
R9,470,R_0805_2012Metric-CenterREF__,204.5,-107,90,bottom
R10,470,R_0805_2012Metric-CenterREF__,222.5,-107,90,bottom
R11,470,R_0805_2012Metric-CenterREF__,240.5,-107,90,bottom
R12,470,R_0805_2012Metric-CenterREF__,258.5,-107,90,bottom
R13,470,R_0805_2012Metric-CenterREF__,276.5,-107,90,bottom
R14,470,R_0805_2012Metric-CenterREF__,294.5,-107,90,bottom
R15,470,R_0805_2012Metric-CenterREF__,312.5,-107,90,bottom
R16,470,R_0805_2012Metric-CenterREF__,76.25,-124,90,bottom
R17,470,R_0805_2012Metric-CenterREF__,87.5,-124,90,bottom
R18,470,R_0805_2012Metric-CenterREF__,105.5,-124,90,bottom
R19,470,R_0805_2012Metric-CenterREF__,123.5,-124,90,bottom
R20,470,R_0805_2012Metric-CenterREF__,141.5,-124,90,bottom
R21,470,R_0805_2012Metric-CenterREF__,159.5,-124,90,bottom
R22,470,R_0805_2012Metric-CenterREF__,177.5,-124,90,bottom
R23,470,R_0805_2012Metric-CenterREF__,195.5,-124,90,bottom
R24,470,R_0805_2012Metric-CenterREF__,213.5,-124,90,bottom
R25,470,R_0805_2012Metric-CenterREF__,231.5,-124,90,bottom
R26,470,R_0805_2012Metric-CenterREF__,249.5,-124,90,bottom
R27,470,R_0805_2012Metric-CenterREF__,267.5,-124,90,bottom
R28,470,R_0805_2012Metric-CenterREF__,285.5,-124,90,bottom
R29,470,R_0805_2012Metric-CenterREF__,308,-124,90,bottom
R30,470,R_0805_2012Metric-CenterREF__,78.25,-141,90,bottom
R31,470,R_0805_2012Metric-CenterREF__,92,-141,90,bottom
R32,470,R_0805_2012Metric-CenterREF__,110,-141,90,bottom
R33,470,R_0805_2012Metric-CenterREF__,128,-141,90,bottom
R34,470,R_0805_2012Metric-CenterREF__,146,-141,90,bottom
R35,470,R_0805_2012Metric-CenterREF__,164,-141,90,bottom
R36,470,R_0805_2012Metric-CenterREF__,182,-141,90,bottom
R37,470,R_0805_2012Metric-CenterREF__,200,-141,90,bottom
R38,470,R_0805_2012Metric-CenterREF__,218,-141,90,bottom
R39,470,R_0805_2012Metric-CenterREF__,236,-141,90,bottom
R40,470,R_0805_2012Metric-CenterREF__,254,-141,90,bottom
R41,470,R_0805_2012Metric-CenterREF__,272,-141,90,bottom
R42,470,R_0805_2012Metric-CenterREF__,288,-141,90,bottom
R43,470,R_0805_2012Metric-CenterREF__,93.5,-158,90,bottom
R44,470,R_0805_2012Metric-CenterREF__,101,-158,90,bottom
R45,470,R_0805_2012Metric-CenterREF__,119,-158,90,bottom
R46,470,R_0805_2012Metric-CenterREF__,137,-158,90,bottom
R47,470,R_0805_2012Metric-CenterREF__,155,-158,90,bottom
R48,470,R_0805_2012Metric-CenterREF__,173,-158,90,bottom
R49,470,R_0805_2012Metric-CenterREF__,191,-158,90,bottom
R50,470,R_0805_2012Metric-CenterREF__,209,-158,90,bottom
R51,470,R_0805_2012Metric-CenterREF__,227,-158,90,bottom
R52,470,R_0805_2012Metric-CenterREF__,245,-157.9375,90,bottom
R53,470,R_0805_2012Metric-CenterREF__,263,-158,90,bottom
R54,470,R_0805_2012Metric-CenterREF__,287.75,-158,90,bottom
R55,470,R_0805_2012Metric-CenterREF__,312.5,-158,90,bottom
R56,470,R_0805_2012Metric-CenterREF__,95,-170,-90,bottom
R57,470,R_0805_2012Metric-CenterREF__,108.5,-170,-90,bottom
R58,470,R_0805_2012Metric-CenterREF__,176,-170,-90,bottom
R59,470,R_0805_2012Metric-CenterREF__,243.5,-170,-90,bottom
R60,470,R_0805_2012Metric-CenterREF__,266,-170,-90,bottom
R61,470,R_0805_2012Metric-CenterREF__,353,-109.5,0,bottom
R62,470,R_0805_2012Metric-CenterREF__,357,-110.5,90,bottom
R63,470,R_0805_2012Metric-CenterREF__,357,-119.5,90,bottom
R64,470,R_0805_2012Metric-CenterREF__,353,-131.5,180,bottom
R65,470,R_0805_2012Metric-CenterREF__,357,-136,90,bottom
R66,470,R_0805_2012Metric-CenterREF__,357,-146,90,bottom
R67,470,R_0805_2012Metric-CenterREF__,353,-157.5,180,bottom
R68,470,R_0805_2012Metric-CenterREF__,357,-162,90,bottom
R69,470,R_0805_2012Metric-CenterREF__,357,-171.5,90,bottom
R70,470,R_0805_2012Metric-CenterREF__,355,-175.5,180,bottom
R71,470,R_0805_2012Metric-CenterREF__,341.9125,-175.5,180,bottom
R72,470,R_0805_2012Metric-CenterREF__,339,-171.5,90,bottom
R73,470,R_0805_2012Metric-CenterREF__,339,-162,90,bottom
R74,470,R_0805_2012Metric-CenterREF__,343,-157.5,180,bottom
R75,470,R_0805_2012Metric-CenterREF__,339,-146,90,bottom
R76,470,R_0805_2012Metric-CenterREF__,339,-136,90,bottom
R77,470,R_0805_2012Metric-CenterREF__,343,-131.5,180,bottom
R78,470,R_0805_2012Metric-CenterREF__,339,-119.5,90,bottom
R79,470,R_0805_2012Metric-CenterREF__,343,-109.5,180,bottom
R80,470,R_0805_2012Metric-CenterREF__,339,-110.5,90,bottom
R81,470,R_0805_2012Metric-CenterREF__,224.75,-175.25,0,bottom
R82,10k,R_0805_2012Metric-CenterREF__,224.75,-177.5,0,bottom
R83,10k,R_0805_2012Metric-CenterREF__,218.75,-173.25,180,bottom
R84,22,R_0805_2012Metric-CenterREF__,273.75,-156.5,0,bottom
R85,22,R_0805_2012Metric-CenterREF__,273.75,-154.25,0,bottom
R86,10k,R_0805_2012Metric-CenterREF__,194.5,-182.25,-90,bottom
SW1,SW_Push,SKQG-1155865,218.75,-178.75,90,bottom
U1,ATmega32U4-MU,QFN-44-1EP_7x7mm_P0.5mm_EP5.2x5.2mm,203.25,-178.75,-90,bottom
Y1,16MHz,Crystal_SMD_3225-4Pin_3.2x2.5mm,212.75,-176.5,90,bottom
